Employee ID,Employee Name,Employee email,Branch,Department,Sales Target,TotalSales,Conversion Rate (%),Customer Satisfaction Rating
1001,John Doe,johndoe@example.com,New York,Sales,100000,120000,80,4.5
1002,Jane Smith,janesmith@example.com,Los Angeles,Marketing,80000,90000,85,4.8
1003,Michael Johnson,michaeljohnson@example.com,Chicago,Finance,120000,110000,70,4.3
1004,Emily Brown,emilybrown@example.com,San Francisco,HR,75000,80000,75,4.6
1005,David Lee,davidlee@example.com,Miami,Operations,90000,95000,78,4.7
1006,Sarah Wilson,sarahwilson@example.com,Boston,IT,110000,100000,72,4.4
1007,Robert Martinez,robertmartinez@example.com,Dallas,Support,85000,95000,77,4.9
1008,Lisa Taylor,lisataylor@example.com,Seattle,Engineering,130000,140000,82,4.7
1009,William Anderson,williamanderson@example.com,Atlanta,Sales,95000,105000,76,4.5
1010,Olivia Garcia,oliviagarcia@example.com,Houston,Marketing,82000,90000,80,4.8
1011,James Rodriguez,jamesrodriguez@example.com,Denver,Finance,125000,115000,73,4.3
1012,Emma Hernandez,emmahernandez@example.com,Phoenix,HR,77000,85000,74,4.6
1013,Alexander Lopez,alexanderlopez@example.com,Portland,Operations,92000,97000,79,4.7
1014,Mia Gonzales,miagonzales@example.com,Detroit,IT,112000,105000,71,4.4
1015,Daniel Perez,danielperez@example.com,Philadelphia,Support,87000,96000,76,4.9
1016,Isabella Sanchez,isabellasanchez@example.com,San Diego,Engineering,135000,145000,83,4.7
1017,Ethan Ramirez,ethanramirez@example.com,Minneapolis,Sales,97000,107000,78,4.5
1018,Sophia Torres,sophiatorres@example.com,Baltimore,Marketing,83000,92000,81,4.8
1019,Aiden Flores,aidenflores@example.com,Orlando,Finance,130000,120000,74,4.3
1020,Madison Rivera,madisonrivera@example.com,Tampa,HR,79000,87000,76,4.6
1021,Logan King,loganking@example.com,Pittsburgh,Operations,93000,98000,80,4.7
1022,Chloe Scott,chloescott@example.com,St. Louis,IT,115000,108000,72,4.4
1023,Harper Green,harpergreen@example.com,Cincinnati,Support,88000,97000,77,4.9
1024,Mason Adams,masonadams@example.com,Kansas City,Engineering,140000,150000,84,4.7
1025,Zoe Hill,zoehill@example.com,Sacramento,Sales,99000,109000,79,4.5
1026,Jack Baker,jackbaker@example.com,Las Vegas,Marketing,84000,93000,82,4.8
1027,Milan Ward,milanward@example.com,San Antonio,Finance,135000,125000,75,4.3
1028,Natalie Young,natalieyoung@example.com,Cleveland,HR,81000,89000,77,4.6
1029,Noah Martinez,noahmartinez@example.com,Oklahoma City,Operations,94000,99000,81,4.7
1030,Ava Allen,avaallen@example.com,Indianapolis,IT,118000,110000,73,4.4
1031,Jameson Hernandez,jamesonhernandez@example.com,San Jose,Support,89000,98000,78,4.9
1032,Ariana Gonzalez,arianagonzalez@example.com,Memphis,Engineering,145000,155000,85,4.7
1033,Elijah Nelson,elijahnelson@example.com,Louisville,Sales,101000,111000,80,4.5
1034,Layla Carter,laylacarter@example.com,Milwaukee,Marketing,85000,94000,83,4.8
1035,Lincoln Wright,lincolnwright@example.com,Raleigh,Finance,140000,130000,76,4.3
1036,Adeline Perez,adelineperez@example.com,Nashville,HR,83000,91000,78,4.6
1037,Hazel Moore,hazelmoore@example.com,Charlotte,Operations,95000,100000,82,4.7
1038,Leo Rogers,leorogers@example.com,Virginia Beach,IT,120000,112000,74,4.4
1039,Bella Sanchez,bellasanchez@example.com,Jacksonville,Support,90000,99000,79,4.9
1040,Hudson Cooper,hudsoncooper@example.com,Miami,Engineering,150000,160000,86,4.7
1041,Nora Peterson,norapeterson@example.com,Oklahoma City,Sales,103000,113000,81,4.5
1042,Elias Reed,eliasreed@example.com,Memphis,Marketing,86000,95000,84,4.8
1043,Stella Hayes,stellahayes@example.com,Indianapolis,Finance,145000,135000,77,4.3
1044,Gabriel James,gabrieljames@example.com,Louisville,HR,85000,93000,79,4.6
1045,Penelope Long,penelopelong@example.com,Milwaukee,Operations,96000,101000,83,4.7
1046,Arabella Price,arabellaprice@example.com,Raleigh,IT,122000,114000,75,4.4
1047,Mateo Bennett,mateobennett@example.com,Nashville,Support,91000,100000,80,4.9
1048,Lillian Wood,lillianwood@example.com,Charlotte,Engineering,155000,165000,87,4.7
1049,Grayson Barnes,graysonbarnes@example.com,Virginia Beach,Sales,105000,115000,82,4.5
1050,Isabelle Foster,isabellefoster@example.com,Jacksonville,Marketing,87000,96000,85,4.8
