Day,Time,Activity
Monday,"7:00 AM - 8:00 AM","Wake up, Morning Routine"
Monday,"8:00 AM - 9:00 AM","Breakfast, Prepare for Work"
Monday,"9:00 AM - 5:00 PM","Work"
Monday,"5:00 PM - 6:00 PM","Commute, Unwind"
Monday,"6:00 PM - 9:00 PM","Data Science and Machine Learning Studies\n- Review lecture notes or course materials\n- Work on assignments or projects\n- Experiment with machine learning algorithms/models"
Monday,"9:00 PM - 9:30 PM","Relaxation and Wind-down"
Monday,"9:30 PM - 10:00 PM","Prepare for Sleep"
Tuesday,"7:00 AM - 8:00 AM","Wake up, Morning Routine"
Tuesday,"8:00 AM - 9:00 AM","Breakfast, Prepare for Work"
Tuesday,"9:00 AM - 5:00 PM","Work"
Tuesday,"5:00 PM - 6:00 PM","Commute, Unwind"
Tuesday,"6:00 PM - 7:30 PM","Data Science Studies\n- Review and consolidate knowledge\n- Solve practice problems"
Tuesday,"7:30 PM - 8:00 PM","Dinner"
Tuesday,"8:00 PM - 9:30 PM","Cyber Security Hobby\n- Study cybersecurity concepts and techniques\n- Practice challenges or simulations"
Tuesday,"9:30 PM - 10:00 PM","Relaxation and Prepare for Sleep"
Wednesday,"7:00 AM - 8:00 AM","Wake up, Morning Routine"
Wednesday,"8:00 AM - 9:00 AM","Breakfast, Prepare for Work"
Wednesday,"9:00 AM - 5:00 PM","Work"
Wednesday,"5:00 PM - 6:00 PM","Commute, Unwind"
Wednesday,"6:00 PM - 9:00 PM","Frontend Development (Side Hustle - Django)\n- Work on Django projects\n- Enhance frontend skills"
Wednesday,"9:00 PM - 9:30 PM","Relaxation and Wind-down"
Wednesday,"9:30 PM - 10:00 PM","Prepare for Sleep"
Thursday,"7:00 AM - 8:00 AM","Wake up, Morning Routine"
Thursday,"8:00 AM - 9:00 AM","Breakfast, Prepare for Work"
Thursday,"9:00 AM - 5:00 PM","Work"
Thursday,"5:00 PM - 6:00 PM","Commute, Unwind"
Thursday,"6:00 PM - 7:30 PM","Data Science Studies\n- Deepen understanding of complex topics\n- Experiment with new techniques/models"
Thursday,"7:30 PM - 8:00 PM","Dinner"
Thursday,"8:00 PM - 9:30 PM","Cyber Security Hobby (Continuation)"
Thursday,"9:30 PM - 10:00 PM","Relaxation and Prepare for Sleep"
Friday,"7:00 AM - 8:00 AM","Wake up, Morning Routine"
Friday,"8:00 AM - 9:00 AM","Breakfast, Prepare for Work"
Friday,"9:00 AM - 5:00 PM","Work"
Friday,"5:00 PM - 6:00 PM","Commute, Unwind"
Friday,"6:00 PM - 9:00 PM","Frontend Development (Side Hustle - Django)"
Friday,"9:00 PM - 9:30 PM","Relaxation and Wind-down"
Friday,"9:30 PM - 10:00 PM","Prepare for Sleep"
Saturday,"7:00 AM - 8:00 AM","Wake up, Morning Routine"
Saturday,"8:00 AM - 9:00 AM","Breakfast"
Saturday,"9:00 AM - 12:00 PM","Frontend Development (Side Hustle - Django)"
Saturday,"12:00 PM - 1:00 PM","Lunch"
Saturday,"1:00 PM - 3:00 PM","Frontend Development (Continuation)"
Saturday,"3:00 PM - 4:30 PM","Relaxation and Leisure Activities"
Saturday,"4:30 PM - 6:00 PM","Data Science Studies (Continuation)"
Saturday,"6:00 PM - 7:00 PM","Dinner"
Saturday,"7:00 PM - 9:00 PM","Free Time"
Saturday,"9:00 PM - 10:00 PM","Review and Planning"
Sunday,"7:00 AM - 8:00 AM","Wake up, Morning Routine"
Sunday,"8:00 AM - 9:00 AM","Breakfast"
Sunday,"9:00 AM - 12:00 PM","Free Time"
Sunday,"12:00 PM - 1:00 PM","Lunch"
Sunday,"1:00 PM - 3:00 PM","Data Science Studies (Continuation)"
Sunday,"3:00 PM - 4:30 PM","Relaxation and Leisure Activities"
Sunday,"4:30 PM - 6:00 PM","Review and Reflection"
Sunday,"6:00 PM - 7:00 PM","Dinner"
Sunday,"7:00 PM - 9:00 PM","Free Time"
Sunday,"9:00 PM - 10:00 PM","Prepare for the Week Ahead"

